StartDate,EndDate,Status,Progress,Duration (in seconds),Finished,RecordedDate,ResponseId,DistributionChannel,UserLanguage,Q2,Q3,Q4,Q5,Q6_1,Q6_2,Q6_3,Q6_4,Q6_5,Q6_6,Q6_7,Q6_8,Q6_9,Q6_10,Q6_11,Q6_12,Q41,Q7_1,Q7_2,Q7_3,Q7_4,Q7_5,Q7_6,Q7_7,Q7_8,Q7_9,Q7_10,Q8_1,Q8_2,Q8_3,Q8_4,Q8_5,Q8_6,Q8_7,Q8_8,Q8_9,Q8_10,Q8_11,Q9,Q10_1,Q10_2,Q10_3,Q10_4,Q10_5,Q10_6,Q10_7,Q10_8,Q11,Q12_1,Q12_2,Q12_3,Q12_4,Q12_5,Q13_1,Q13_2,Q13_3,Q13_4,Q14_1,Q14_2,Q14_3,Q14_4,Q14_5,Q14_6,Q14_7,Q15_1,Q15_2,Q15_3,Q15_4,Q15_5,Q15_6,Q15_7,Q15_8,Q15_9,Q15_10
Start Date,End Date,Response Type,Progress,Duration (in seconds),Finished,Recorded Date,Response ID,Distribution Channel,User Language,Your age,Gender,"Level of Education (highest obtained degree or, if you are still studying, the degree currently following)?",What year did you start studying?,How often do you use the following GenAI platforms? - ChatGPT,How often do you use the following GenAI platforms? - Grammarly AI,How often do you use the following GenAI platforms? - Dall-e,How often do you use the following GenAI platforms? - Midjourney,How often do you use the following GenAI platforms? - Gemini,How often do you use the following GenAI platforms? - Brainly,How often do you use the following GenAI platforms? - Sparrow,How often do you use the following GenAI platforms? - GraphGPT,How often do you use the following GenAI platforms? - Humata,How often do you use the following GenAI platforms? - ChatPDF,How often do you use the following GenAI platforms? - BioGPT,How often do you use the following GenAI platforms? - Quillbot,What are other Generative AI platforms you like to use? (optional),How often do you use ChatGPT for the following purposes... - Brainstorming,How often do you use ChatGPT for the following purposes... - Asking for explanations for topics & concepts,How often do you use ChatGPT for the following purposes... - Asking for explanations for methodologies,How often do you use ChatGPT for the following purposes... - Creating study plans/schedules,How often do you use ChatGPT for the following purposes... - Summarising texts/articles,How often do you use ChatGPT for the following purposes... - Pointing out key concepts in texts/articles,How often do you use ChatGPT for the following purposes... - Grammar & spell-checking,How often do you use ChatGPT for the following purposes... - Improving writing style,How often do you use ChatGPT for the following purposes... - Looking up structures of text-types,How often do you use ChatGPT for the following purposes... - Writing E-mails,How often do you use ChatGPT for the following purposes... - Finding sources,How often do you use ChatGPT for the following purposes... - Cheating during multiple choice exams,How often do you use ChatGPT for the following purposes... - Cheating during written exams through copy & pasting output,How often do you use ChatGPT for the following purposes... - Cheating during written exams through paraphrasing output,How often do you use ChatGPT for the following purposes... - Solving Calculations,"How often do you use ChatGPT for the following purposes... - Select ""Always""",How often do you use ChatGPT for the following purposes... - Generating Code,How often do you use ChatGPT for the following purposes... - Making up fake sources,How often do you use ChatGPT for the following purposes... - Copy & pasting output into essays,How often do you use ChatGPT for the following purposes... - Paraphrasing output into essays,How often do you use ChatGPT for the following purposes... - Copy & pasting whole essays,For what other purposes do you use ChatGPT? (optional),To what extent do you agree with following motivations to use ChatGPT? - Saving time,To what extent do you agree with following motivations to use ChatGPT? - Reducing stress,To what extent do you agree with following motivations to use ChatGPT? - Reducing anxiety,To what extent do you agree with following motivations to use ChatGPT? - Improving quality of work,To what extent do you agree with following motivations to use ChatGPT? - Enhancing creativity,To what extent do you agree with following motivations to use ChatGPT? - Minimizing effort,To what extent do you agree with following motivations to use ChatGPT? - Gaining new insights,To what extent do you agree with following motivations to use ChatGPT? - Poor time management,Are there any other reasons that motivate you to use ChatGPT? (optional),"Please indicate on the items below to what extent you agree or disagree to the following statements. Please remember, your answers remain anonymous and confidential. - During exams I use signals to fetch answers from my friends.","Please indicate on the items below to what extent you agree or disagree to the following statements. Please remember, your answers remain anonymous and confidential. - I use prohibited things like hidden notes, calculators, and other electronic devices during exams.","Please indicate on the items below to what extent you agree or disagree to the following statements. Please remember, your answers remain anonymous and confidential. - I interchange assigned books with other students to get better grades in exams.","Please indicate on the items below to what extent you agree or disagree to the following statements. Please remember, your answers remain anonymous and confidential. - During exams, I solve answers on paper which I hand over to my classmates.","Please indicate on the items below to what extent you agree or disagree to the following statements. Please remember, your answers remain anonymous and confidential. - During exams I try to copy answers from other students.",Please indicate on the items below to what extent you agree or disagree to the following statements. - I copy summaries of papers/articles/texts & claim it was written by me.,"Please indicate on the items below to what extent you agree or disagree to the following statements. - For submitting assignments, I copy and change some sentences and phrases from other sources.",Please indicate on the items below to what extent you agree or disagree to the following statements. - I use online resources in my personal assignments/projects without citing the author.,Please indicate on the items below to what extent you agree or disagree to the following statements. - For personal comments I make use of scientific information on the internet and claim it was written by me.,Please indicate on the items below to what extent you agree or disagree to the following statements. - It is often hard for me to make sense of things I need to learn.,"Please indicate on the items below to what extent you agree or disagree to the following statements. - Much of what I learn is incoherent, which means that I cannot connect it to a greater picture.",Please indicate on the items below to what extent you agree or disagree to the following statements. - I put a lot of effort into my studying.,Please indicate on the items below to what extent you agree or disagree to the following statements. - I organise my study time carefully to make the best use of it.,"Please indicate on the items below to what extent you agree or disagree to the following statements. - Select ""Strongly disagree""","Please indicate on the items below to what extent you agree or disagree to the following statements. - I try to relate new materials, as I am reading it, to what I already know on that topic.",Please indicate on the items below to what extent you agree or disagree to the following statements. - I look at evidence carefully to reach my own conclusion about what I'm studying.,Please indicate on the items below to what extent you agree or disagree to the following statements. - I prefer to study by myself.,Please indicate on the items below to what extent you agree or disagree to the following statements. - I learn better if I study by myself.,Please indicate on the items below to what extent you agree or disagree to the following statements. - I am competitive when it comes to my grades.,Please indicate on the items below to what extent you agree or disagree to the following statements. - I like to compete with other students.,Please indicate on the items below to what extent you agree or disagree to the following statements. - I learn from practical tasks better than from theoretical ones.,Please indicate on the items below to what extent you agree or disagree to the following statements. - I learn better when I am involved in a task.,"Please indicate on the items below to what extent you agree or disagree to the following statements. - I study better through visual aids (e.g., whiteboards, power points).",Please indicate on the items below to what extent you agree or disagree to the following statements. - I study better when I create a mental picture of what I read or hear.,Please indicate on the items below to what extent you agree or disagree to the following statements. - I learn better when I consider the details of a subject more than its whole.,Please indicate on the items below to what extent you agree or disagree to the following statements. - I learn better when I remember specific details of subjects.
"{""ImportId"":""startDate"",""timeZone"":""America/Denver""}","{""ImportId"":""endDate"",""timeZone"":""America/Denver""}","{""ImportId"":""status""}","{""ImportId"":""progress""}","{""ImportId"":""duration""}","{""ImportId"":""finished""}","{""ImportId"":""recordedDate"",""timeZone"":""America/Denver""}","{""ImportId"":""_recordId""}","{""ImportId"":""distributionChannel""}","{""ImportId"":""userLanguage""}","{""ImportId"":""QID5""}","{""ImportId"":""QID6""}","{""ImportId"":""QID7""}","{""ImportId"":""QID29""}","{""ImportId"":""QID3_1""}","{""ImportId"":""QID3_2""}","{""ImportId"":""QID3_3""}","{""ImportId"":""QID3_4""}","{""ImportId"":""QID3_5""}","{""ImportId"":""QID3_6""}","{""ImportId"":""QID3_7""}","{""ImportId"":""QID3_8""}","{""ImportId"":""QID3_9""}","{""ImportId"":""QID3_10""}","{""ImportId"":""QID3_11""}","{""ImportId"":""QID3_12""}","{""ImportId"":""QID41_TEXT""}","{""ImportId"":""QID4_1""}","{""ImportId"":""QID4_2""}","{""ImportId"":""QID4_3""}","{""ImportId"":""QID4_4""}","{""ImportId"":""QID4_5""}","{""ImportId"":""QID4_6""}","{""ImportId"":""QID4_7""}","{""ImportId"":""QID4_8""}","{""ImportId"":""QID4_9""}","{""ImportId"":""QID4_10""}","{""ImportId"":""QID31_1""}","{""ImportId"":""QID31_2""}","{""ImportId"":""QID31_3""}","{""ImportId"":""QID31_4""}","{""ImportId"":""QID31_5""}","{""ImportId"":""QID31_6""}","{""ImportId"":""QID31_7""}","{""ImportId"":""QID31_8""}","{""ImportId"":""QID31_9""}","{""ImportId"":""QID31_10""}","{""ImportId"":""QID31_11""}","{""ImportId"":""QID33_TEXT""}","{""ImportId"":""QID16_1""}","{""ImportId"":""QID16_2""}","{""ImportId"":""QID16_3""}","{""ImportId"":""QID16_4""}","{""ImportId"":""QID16_5""}","{""ImportId"":""QID16_6""}","{""ImportId"":""QID16_7""}","{""ImportId"":""QID16_8""}","{""ImportId"":""QID34_TEXT""}","{""ImportId"":""QID36_1""}","{""ImportId"":""QID36_2""}","{""ImportId"":""QID36_3""}","{""ImportId"":""QID36_4""}","{""ImportId"":""QID36_5""}","{""ImportId"":""QID37_1""}","{""ImportId"":""QID37_2""}","{""ImportId"":""QID37_3""}","{""ImportId"":""QID37_4""}","{""ImportId"":""QID38_1""}","{""ImportId"":""QID38_2""}","{""ImportId"":""QID38_3""}","{""ImportId"":""QID38_4""}","{""ImportId"":""QID38_5""}","{""ImportId"":""QID38_6""}","{""ImportId"":""QID38_7""}","{""ImportId"":""QID40_1""}","{""ImportId"":""QID40_2""}","{""ImportId"":""QID40_3""}","{""ImportId"":""QID40_4""}","{""ImportId"":""QID40_5""}","{""ImportId"":""QID40_6""}","{""ImportId"":""QID40_7""}","{""ImportId"":""QID40_8""}","{""ImportId"":""QID40_9""}","{""ImportId"":""QID40_10""}"
2024-05-24 11:37:15,2024-05-24 11:46:17,0,100,541,1,2024-05-24 11:46:17,R_8Jv9AjpqPUtM9ON,anonymous,EN,1,2,1,4,1,1,1,1,1,1,1,1,1,1,1,1,,1,1,1,1,1,1,1,1,1,1,1,1,1,1,1,5,1,1,1,1,1,,5,4,3,2,2,5,3,4,,2,4,1,1,2,1,4,2,1,2,2,3,2,1,4,2,5,5,3,1,3,4,4,4,4,2
2024-05-24 12:19:33,2024-05-24 12:25:37,0,100,364,1,2024-05-24 12:25:38,R_8pSvwiOFdiDgoqY,anonymous,EN,1,2,4,2,2,1,1,1,1,1,1,1,1,1,1,1,,1,2,2,1,4,3,1,2,1,1,1,1,1,1,1,5,1,1,3,3,3,,5,5,4,2,2,5,2,5,,4,4,2,1,2,2,4,4,1,4,4,4,1,1,3,4,5,5,4,4,5,5,4,5,2,4
2024-05-24 12:19:39,2024-05-24 12:27:59,0,100,500,1,2024-05-24 12:28:00,R_4t9YtO5zaMdA5R0,anonymous,EN,2,2,2,5,1,1,1,1,1,1,1,1,1,1,1,1,,2,2,2,1,1,1,1,1,1,1,1,1,1,1,1,5,1,1,1,1,1,,5,4,4,4,4,4,4,3,,1,1,1,1,1,1,1,1,1,2,3,3,2,1,3,4,5,5,4,3,3,3,3,4,3,3
2024-05-24 12:15:12,2024-05-24 12:32:20,0,100,1028,1,2024-05-24 12:32:21,R_2NntGMf0V7j0EX8,anonymous,EN,2,1,2,7,2,1,1,1,1,1,1,1,1,1,1,1,DeepL,2,1,1,1,1,1,1,1,1,1,1,1,1,1,1,5,1,1,1,1,1,generating ideas for sujets for brainstorming,5,4,4,1,5,5,1,4,,1,1,1,1,1,1,4,1,1,1,1,2,2,1,5,5,3,2,1,1,5,5,4,2,1,2
2024-05-24 12:19:13,2024-05-24 12:32:46,0,100,812,1,2024-05-24 12:32:46,R_43fEAyoYRwsNOlr,anonymous,EN,1,1,1,3,3,1,1,1,1,1,1,1,1,1,1,1,,3,4,4,4,3,4,4,4,4,3,4,4,3,3,3,5,4,2,4,3,2,Travel plan,4,3,3,4,3,4,4,4,,4,3,4,4,3,2,3,4,4,4,4,3,3,1,3,3,5,5,4,2,3,4,4,4,3,4
2024-05-24 12:21:09,2024-05-24 12:35:02,0,100,832,1,2024-05-24 12:35:02,R_8UYnEzdMuQ0sY7a,anonymous,EN,2,2,1,4,4,4,1,1,1,1,1,1,1,1,1,2,,3,5,5,1,2,3,1,5,5,5,3,2,2,1,3,5,1,1,1,1,1,I use it like google,2,4,3,3,2,4,4,2,,3,1,1,1,1,1,1,1,1,2,2,4,1,1,3,1,3,3,2,1,5,5,5,2,2,2
2024-05-24 12:25:45,2024-05-24 12:38:39,0,100,774,1,2024-05-24 12:38:40,R_8iW0Ju71VoEy9hN,anonymous,EN,1,2,1,5,1,1,1,1,1,1,1,1,1,1,1,1,,1,1,1,1,1,1,1,1,1,1,1,1,1,1,1,5,1,1,1,1,1,,4,4,2,1,1,4,4,3,,1,1,1,1,1,1,1,1,1,2,1,4,4,1,5,5,5,5,2,2,3,4,3,5,5,5
2024-05-24 12:45:52,2024-05-24 12:53:00,0,100,427,1,2024-05-24 12:53:00,R_8KHBMlutRht5324,anonymous,EN,1,2,1,7,1,1,1,1,1,1,1,1,1,1,1,1,,2,1,2,1,1,1,2,1,1,1,2,1,1,1,1,5,1,1,1,2,1,"I let it write short storys about funny situations, so that I have something to laugh about. But even for that, I use it rarely.",3,4,4,2,4,2,4,3,,1,2,1,2,1,1,1,1,1,2,2,4,3,1,5,5,4,5,5,4,3,3,3,3,3,4
2024-05-24 12:45:37,2024-05-24 12:53:08,0,100,450,1,2024-05-24 12:53:08,R_8feWmWTeFBTCgty,anonymous,EN,2,3,1,7,3,1,1,1,1,1,1,1,1,1,1,1,,3,1,1,2,2,1,1,1,1,1,1,1,1,1,3,5,4,1,1,1,1,,5,4,4,1,4,4,5,5,,1,1,1,1,1,1,2,2,2,2,1,1,1,1,4,3,5,5,5,5,5,5,5,5,5,5
2024-05-24 12:49:19,2024-05-24 12:54:30,0,100,310,1,2024-05-24 12:54:30,R_88lYxezZky3muWZ,anonymous,EN,1,4,1,3,4,3,1,1,1,1,1,1,1,1,1,1,,3,3,4,1,1,1,5,4,3,5,2,1,1,1,2,5,3,1,1,2,1,,3,5,5,4,2,3,4,1,,1,1,1,1,1,1,3,1,1,3,3,5,5,1,2,2,5,5,5,5,4,4,2,1,5,5
2024-05-24 12:51:37,2024-05-24 12:56:19,0,100,281,1,2024-05-24 12:56:21,R_243nfF9f5qmPMPv,anonymous,EN,1,2,1,3,3,1,1,1,1,1,1,1,1,1,1,1,,3,2,2,1,4,4,2,5,1,1,1,1,1,1,1,5,1,1,1,3,1,Recipes,5,3,3,3,2,5,4,4,,1,1,1,1,1,1,4,1,1,2,2,4,4,1,4,5,5,4,4,2,4,4,4,5,2,3
2024-05-24 13:05:20,2024-05-24 13:14:26,0,100,545,1,2024-05-24 13:14:26,R_8TRiE8ISE0TpYQw,anonymous,EN,2,2,1,7,2,1,2,2,1,1,1,1,1,1,1,1,,3,2,2,4,3,3,2,4,2,3,1,1,1,1,1,5,1,1,1,1,1,"Creating different explainations for students; Find new rhymes in poetry; Write birthdaycards with new creative phrases (not just ""happy birthday"")",4,4,4,3,4,2,2,1,,1,1,1,1,1,1,1,1,1,1,1,5,5,1,5,4,5,5,4,4,3,3,4,5,3,3
2024-05-24 13:10:16,2024-05-24 13:17:25,0,100,429,1,2024-05-24 13:17:25,R_8ah3s0JBK2h8ZEJ,anonymous,EN,1,2,1,3,1,1,1,1,1,1,1,1,1,1,1,1,this-person-does-not-exist.com,1,1,1,1,1,1,1,1,1,1,1,1,1,1,1,5,1,1,1,1,1,,4,4,4,1,1,4,3,4,The ineffectiveness of search engines like google recently,1,2,1,1,1,2,4,4,3,5,4,4,1,1,5,5,4,2,4,3,4,4,5,5,2,4
2024-05-24 13:14:03,2024-05-24 13:25:57,0,100,713,1,2024-05-24 13:25:57,R_10xRKFGGQxnEz7P,anonymous,EN,1,2,1,3,3,3,1,1,2,3,1,1,1,1,1,2,,4,2,3,1,3,2,2,2,2,2,1,1,1,1,2,5,1,1,1,2,1,,4,4,3,4,4,3,5,3,,1,2,1,1,2,1,3,2,1,2,3,4,3,1,3,4,4,4,4,3,3,4,4,4,3,4
2024-05-24 13:22:30,2024-05-24 13:30:08,0,100,457,1,2024-05-24 13:30:08,R_8O65ai1efAwwvuT,anonymous,EN,1,2,1,3,4,2,1,1,1,1,1,1,1,1,1,2,,5,3,3,2,1,1,1,3,1,1,1,2,2,1,3,5,1,1,1,1,1,,5,5,5,4,5,5,5,4,,2,2,1,2,1,1,2,1,1,3,3,3,3,1,3,3,4,5,4,4,5,5,4,4,4,3
2024-05-24 13:40:38,2024-05-24 13:44:02,0,100,204,1,2024-05-24 13:44:03,R_2s78jLKOSFQq47p,anonymous,EN,1,2,1,3,3,3,1,1,1,1,1,1,1,1,1,1,,5,5,5,5,4,4,1,2,5,5,1,1,1,1,3,5,1,1,2,3,1,,4,3,1,2,1,4,4,4,,1,1,1,1,1,1,1,3,2,4,2,4,5,1,4,4,3,4,2,1,5,4,4,5,5,5
2024-05-24 14:13:42,2024-05-24 14:21:27,0,100,465,1,2024-05-24 14:21:27,R_2jdLdiiBzIji75G,anonymous,EN,1,2,4,4,1,2,1,1,1,1,1,1,1,1,1,1,,2,3,3,1,1,1,1,1,1,1,1,1,1,1,1,5,1,1,1,1,1,,4,4,4,3,3,2,4,3,,1,1,1,1,1,1,3,2,2,3,3,2,2,1,3,3,2,2,1,1,5,4,4,4,4,3
2024-05-24 14:22:11,2024-05-24 14:28:45,0,100,394,1,2024-05-24 14:28:46,R_2R83m8F2ZILGPsX,anonymous,EN,1,2,1,7,4,1,1,1,1,1,1,1,1,2,1,1,,4,2,3,3,4,4,2,4,4,4,4,3,3,4,2,5,3,3,4,4,3,,1,5,3,5,4,5,4,3,,5,4,3,4,4,2,4,4,4,5,4,5,5,1,4,5,5,4,4,4,5,5,4,4,4,2
2024-05-24 14:18:48,2024-05-24 14:28:46,0,100,597,1,2024-05-24 14:28:46,R_8YaDnUY8VJ3yHdx,anonymous,EN,1,2,1,3,4,4,1,1,1,1,1,1,1,1,1,1,ChatGPT,4,3,3,1,2,2,2,3,1,1,2,1,1,1,2,5,1,1,2,3,1,To help me structure a paragraph or section in my writing,5,4,3,3,4,4,5,5,,1,1,4,1,1,1,2,2,1,4,4,4,2,1,3,3,5,3,1,1,5,5,5,5,3,4
2024-05-24 17:13:26,2024-05-24 17:20:51,0,100,445,1,2024-05-24 17:20:51,R_8CNhZuNAuOfV3jg,anonymous,EN,1,2,1,7,2,1,1,1,1,1,1,1,1,1,1,1,,1,3,2,1,1,1,1,1,1,1,1,1,1,1,1,5,3,1,2,1,1,,2,2,2,1,2,3,3,1,,1,1,1,1,2,1,1,1,1,1,1,3,4,1,5,3,5,5,4,1,3,3,3,4,4,5
2024-05-24 21:56:19,2024-05-24 22:03:44,0,100,445,1,2024-05-24 22:03:45,R_21YrwZmqNkfI30K,anonymous,EN,2,2,1,7,3,1,1,1,1,1,1,1,1,1,1,1,,3,4,4,1,1,1,1,1,1,1,1,1,1,1,3,5,2,1,1,1,1,,4,3,4,4,2,2,5,3,,1,1,1,1,1,1,4,4,1,4,2,5,2,1,5,4,5,5,4,2,5,5,4,4,4,4
2024-05-25 00:28:20,2024-05-25 00:35:21,0,100,421,1,2024-05-25 00:35:21,R_2qtN7eClzNrBvP3,anonymous,EN,1,2,1,3,3,3,1,1,1,1,1,1,1,1,1,1,,4,4,3,1,4,4,4,4,5,4,5,1,1,1,1,5,1,1,1,4,1,,3,2,2,3,2,4,4,2,,4,1,1,1,1,1,1,4,2,4,4,5,5,1,2,4,5,5,3,1,5,5,5,3,4,4
2024-05-25 06:58:38,2024-05-25 07:04:43,0,100,365,1,2024-05-25 07:04:44,R_2VQi50SrCVfA0Ap,anonymous,EN,1,2,1,3,3,2,1,1,1,1,1,1,1,3,1,1,Perplexity,5,5,5,4,5,5,2,1,3,1,2,1,1,2,1,5,2,1,2,1,1,,5,5,4,4,3,5,4,3,,1,1,1,1,1,1,1,1,1,4,4,5,4,1,4,4,5,5,2,1,5,4,4,4,3,4
2024-05-25 10:31:13,2024-05-25 10:39:33,0,100,500,1,2024-05-25 10:39:34,R_2w05AMhv87rBzJp,anonymous,EN,2,2,4,4,1,1,1,1,1,1,1,1,1,1,1,1,,1,1,1,1,1,1,1,1,1,1,1,1,1,1,1,5,1,1,1,1,1,,3,3,3,3,3,3,3,3,,1,4,4,1,1,1,2,1,1,4,2,5,2,1,5,4,1,2,4,2,5,5,4,5,4,5
2024-05-26 02:35:16,2024-05-26 02:47:14,0,100,718,1,2024-05-26 02:47:14,R_2KxLycHEAhS8sxs,anonymous,EN,2,2,1,7,1,1,1,1,1,1,1,1,1,1,1,1,,1,1,1,1,1,1,1,1,1,1,1,1,1,1,1,5,1,1,1,1,1,,5,5,5,4,4,5,5,1,,1,1,3,1,1,1,4,1,1,1,4,5,4,1,4,4,5,5,5,4,2,1,5,5,5,5
2024-05-26 02:53:20,2024-05-26 02:57:39,0,100,258,1,2024-05-26 02:57:39,R_2Y3BxmBq8VCawYT,anonymous,EN,1,2,1,3,4,1,1,1,1,1,1,1,1,1,1,1,,4,4,4,1,1,1,1,1,1,1,1,1,1,3,1,5,2,1,1,3,1,,4,2,2,2,4,4,4,3,,1,1,1,1,1,1,4,1,1,2,2,3,3,1,1,2,5,5,3,3,3,4,4,4,4,4
2024-05-26 03:48:02,2024-05-26 03:52:42,0,100,280,1,2024-05-26 03:52:43,R_2NsFCFsos5qqvnP,anonymous,EN,1,2,1,3,2,3,1,1,1,1,1,1,1,1,1,1,,3,4,3,1,3,3,1,1,1,1,1,3,1,3,2,5,1,1,1,1,1,,5,4,4,3,2,4,3,4,,1,1,1,1,1,1,3,1,1,4,4,5,5,1,4,5,5,5,4,1,4,4,4,4,5,5
2024-05-26 04:50:17,2024-05-26 04:59:11,0,100,534,1,2024-05-26 04:59:12,R_2Ol967Xe6YQyjPU,anonymous,EN,1,2,1,3,2,1,1,1,1,1,1,1,1,2,1,1,,4,4,5,2,2,2,1,1,1,1,3,1,1,1,1,5,1,1,2,5,1,,4,5,5,3,3,4,4,5,,1,1,3,1,2,1,4,4,1,5,3,1,1,1,4,3,4,4,1,4,5,5,4,1,3,5
2024-05-26 10:05:48,2024-05-26 10:09:12,0,100,203,1,2024-05-26 10:09:13,R_8OrEwZueOUB43na,anonymous,EN,1,2,1,2,4,1,1,1,1,1,1,1,1,4,1,1,,1,2,4,1,5,5,1,1,1,2,1,3,1,1,1,5,1,1,1,5,1,,5,3,4,1,1,5,2,5,,1,1,1,1,1,1,4,1,5,1,1,1,1,1,5,5,3,5,1,1,1,4,2,1,1,1
2024-05-26 10:55:27,2024-05-26 11:00:47,0,100,319,1,2024-05-26 11:00:47,R_8AElIQV1Y5YYpTR,anonymous,EN,1,2,1,3,3,2,1,1,1,1,1,1,1,1,1,2,Scite.ai,4,3,3,1,4,4,5,5,4,4,4,1,1,2,2,5,1,2,1,4,1,,5,5,5,5,2,5,5,4,,1,1,1,1,1,1,4,1,1,2,2,2,2,1,4,4,5,5,3,2,5,5,5,5,3,4
2024-05-26 12:25:44,2024-05-26 12:33:06,0,100,442,1,2024-05-26 12:33:07,R_8qsWjAswQrAB0pm,anonymous,EN,1,2,2,6,3,1,1,1,1,1,1,1,1,1,1,1,,4,3,2,1,4,3,4,2,3,3,1,1,1,1,1,5,1,1,1,1,1,"For translation, especially to discuss nuances (for languages that I’m already fluent in but have a hesitation)",5,4,3,4,5,2,3,1,,4,1,1,1,4,1,1,2,1,4,4,3,4,1,2,1,4,3,2,1,4,4,2,4,4,4
2024-05-26 23:54:39,2024-05-27 00:00:18,0,100,338,1,2024-05-27 00:00:19,R_2bk9uUZzBSN3SI9,anonymous,EN,1,2,4,4,1,4,1,1,1,1,1,3,1,1,1,1,,3,3,1,3,4,4,1,1,2,1,1,1,1,1,1,5,1,1,1,1,1,,4,4,4,2,1,4,4,4,,2,1,1,1,1,1,2,1,1,4,4,4,2,1,5,4,5,5,3,2,5,5,5,5,3,5
2024-05-27 00:28:46,2024-05-27 06:17:31,0,100,20924,1,2024-05-27 06:17:32,R_2nPZObUQiLkmhNM,anonymous,EN,1,2,4,3,3,4,1,1,1,1,1,1,1,1,1,1,,3,2,2,1,4,4,1,3,1,1,3,1,1,1,2,5,1,1,1,2,1,For writing help and ideas,4,3,3,4,4,4,4,1,,1,1,1,1,1,1,2,1,1,3,1,4,5,1,3,3,5,5,4,1,4,4,4,4,2,3
2024-05-27 10:50:47,2024-05-27 10:57:21,0,100,394,1,2024-05-27 10:57:22,R_813a6oHnc4XXVbr,anonymous,EN,4,1,2,7,4,2,1,1,1,1,1,1,1,1,1,1,Github Copilot,3,2,4,1,1,1,2,2,1,1,4,1,1,1,3,5,4,1,1,1,1,Obtaining instructions for configuration of systems/servers,4,4,2,5,4,5,4,1,,1,1,1,1,1,1,1,1,1,1,1,3,4,1,5,5,4,4,4,4,2,4,5,4,2,3
2024-05-27 11:38:20,2024-05-27 11:41:31,0,100,190,1,2024-05-27 11:41:31,R_5U9mENCzIeDZIoB,anonymous,EN,3,2,1,2,2,1,1,1,1,1,1,1,1,1,1,1,,4,4,3,2,4,3,3,2,3,3,3,1,1,1,3,5,2,1,1,3,2,,5,5,5,5,5,5,5,5,,1,3,3,3,1,3,3,1,4,2,4,5,5,1,5,5,5,5,5,3,5,5,5,5,5,5
2024-05-27 12:17:34,2024-05-27 12:24:22,0,100,408,1,2024-05-27 12:24:22,R_6y453g12zpaxcJP,anonymous,EN,3,1,1,1,4,1,1,1,1,1,1,1,1,1,1,1,,3,5,4,4,2,2,1,1,2,1,1,1,1,1,3,5,1,1,1,2,1,"I use it as a tutor and to provide hints or clarification.  Also I WILL ask if my answer is correct and to assist me with hints if I'm wrong.  I'm here to learn, not be told. ",2,1,1,4,2,1,5,1,"I use it to increase study efficiency.  Material I don't understand, we can pinpoint study that specific area in depth.  Definitely not making it easier. ",1,1,1,1,1,1,1,1,1,2,4,5,3,1,2,5,4,4,2,1,4,5,1,3,3,5
2024-05-27 13:05:41,2024-05-27 13:11:15,0,100,334,1,2024-05-27 13:11:15,R_8VwNjCNUb94yn5M,anonymous,EN,1,2,2,6,2,1,1,1,1,1,1,1,1,1,1,1,CatGPT (amazing you should try); Google AI,3,3,2,1,1,1,1,1,2,2,1,1,1,1,1,5,1,1,1,1,1,Fun?,4,2,2,1,3,4,2,2,,1,1,1,1,1,1,1,1,1,4,2,5,4,1,4,5,5,5,5,5,2,5,4,4,2,4
2024-05-27 13:06:57,2024-05-27 13:19:26,0,100,748,1,2024-05-27 13:19:27,R_4OiE74gmxoQ9prG,anonymous,EN,2,1,1,7,4,1,1,2,1,1,1,1,1,1,1,1,,4,4,2,3,3,4,4,2,2,2,4,2,2,2,2,5,2,1,1,1,1,,4,4,4,4,3,4,4,4,,2,1,4,2,1,2,3,2,2,2,4,5,4,1,4,4,4,4,4,3,3,5,4,4,4,5
2024-05-27 14:27:46,2024-05-27 14:34:08,0,100,382,1,2024-05-27 14:34:09,R_8d8Og9Vupsfp8D7,anonymous,EN,1,2,1,1,4,1,1,1,1,1,1,1,1,1,1,1,,2,4,4,1,3,4,1,1,1,1,1,1,1,1,1,5,1,1,1,3,1,,2,4,3,4,3,5,4,1,,1,1,1,4,3,1,4,1,1,1,1,5,4,1,5,4,3,3,4,4,2,4,5,5,3,4
2024-05-27 17:23:30,2024-05-27 17:41:37,0,100,1087,1,2024-05-27 17:41:38,R_3ZQs5jbli6iVuF8,anonymous,EN,2,2,2,7,2,3,1,1,1,1,1,1,1,1,1,1,N/A,1,3,3,1,2,2,1,1,1,1,2,1,1,1,1,5,2,1,1,1,1,"entertainment, was using to check coding errors",4,3,3,2,1,4,1,2,,1,1,1,1,1,1,1,1,1,1,1,4,3,1,5,4,4,4,3,4,5,5,5,5,3,5
2024-05-27 21:04:04,2024-05-27 21:07:56,0,100,232,1,2024-05-27 21:07:56,R_3bWBgBf23aokLar,anonymous,EN,1,1,1,6,4,5,1,1,1,1,1,1,1,1,1,1,,3,4,3,4,4,4,2,3,3,2,3,1,1,1,1,5,1,1,1,1,1,,4,4,3,3,3,4,4,3,,1,1,1,1,1,1,1,1,1,1,1,5,5,1,5,5,5,4,5,5,3,3,4,4,3,3
2024-05-28 07:09:23,2024-05-28 07:16:24,0,100,420,1,2024-05-28 07:16:25,R_8DC63eh3V5Z5QYn,anonymous,EN,1,2,1,3,3,2,1,1,1,1,1,1,1,2,1,1,,4,3,3,1,2,2,1,1,2,1,1,1,1,1,1,5,2,1,1,2,1,,4,5,3,2,4,4,4,4,,2,2,1,1,1,1,3,2,4,3,2,3,2,1,2,2,4,4,4,4,3,4,2,4,5,4
2024-05-28 22:37:08,2024-05-28 22:44:29,0,100,441,1,2024-05-28 22:44:30,R_4aB35kYP3dLdK6J,anonymous,EN,1,2,2,5,1,1,1,1,1,1,1,1,1,1,1,1,,1,1,1,1,1,1,1,1,1,1,1,1,1,1,1,5,1,1,1,1,1,,5,4,3,2,4,3,4,3,,1,1,1,1,1,1,2,1,1,3,2,4,2,1,4,4,5,4,4,1,3,5,4,5,3,2
2024-05-29 02:49:12,2024-05-29 03:02:00,0,100,767,1,2024-05-29 03:02:01,R_8nB9CseguZsOb9n,anonymous,EN,1,2,1,3,3,1,1,1,1,1,1,1,1,2,1,1,,4,4,4,4,4,4,3,4,3,4,1,1,1,2,1,5,1,1,1,2,1,nothing,5,3,3,3,2,4,3,3,,1,1,1,1,1,1,2,1,1,4,3,3,2,1,3,3,4,4,3,1,3,4,4,4,3,3
2024-05-29 07:24:18,2024-05-29 07:30:05,0,100,347,1,2024-05-29 07:30:06,R_8DZryorOcFRVRlU,anonymous,EN,1,3,1,5,2,1,1,1,1,1,1,1,1,1,1,1,,5,5,5,5,5,5,1,1,2,1,4,1,1,1,1,5,3,1,1,3,1,"Random number generator, lamguage learning",4,5,5,2,4,2,4,4,Provides more viable answers than google and faster than skimming through research papers,1,1,1,1,1,1,1,1,1,1,1,3,1,1,5,5,5,5,5,5,3,5,4,4,4,4
2024-05-30 07:57:26,2024-05-30 08:06:43,0,100,557,1,2024-05-30 08:06:44,R_2U90Ae4CcwgVF6F,anonymous,EN,1,2,1,3,3,1,1,1,1,1,1,1,1,1,1,1,,2,4,2,1,2,1,4,4,1,3,1,1,1,1,1,5,1,1,1,1,1,,4,4,4,4,1,4,2,4,,3,1,1,3,1,1,1,4,3,2,1,4,2,1,4,3,4,5,4,2,5,5,5,5,2,4
2024-05-31 06:02:19,2024-05-31 06:06:37,0,100,258,1,2024-05-31 06:06:38,R_8dyup8IXrs5tamn,anonymous,EN,1,2,1,3,3,4,1,1,1,1,1,1,1,1,1,1,,3,4,4,1,4,2,4,5,5,2,3,1,1,1,2,5,3,1,1,4,1,,5,5,5,4,2,4,4,1,,2,1,1,1,2,1,2,2,1,5,4,4,4,1,4,4,5,5,4,3,4,4,5,4,3,2
2024-05-31 06:07:14,2024-05-31 06:10:55,0,100,220,1,2024-05-31 06:10:55,R_8zucou4D3njB3G3,anonymous,EN,1,2,1,3,3,3,1,1,1,1,1,1,1,3,1,1,,4,4,4,4,2,2,4,4,4,4,1,1,1,1,1,5,1,1,1,1,1,,4,3,3,2,3,4,2,1,,1,1,1,1,1,1,1,1,1,3,3,5,5,1,5,5,2,2,3,3,4,4,5,4,4,4
2024-05-31 06:02:23,2024-05-31 06:11:44,0,100,560,1,2024-05-31 06:11:44,R_2frOqhYfzoV2JFv,anonymous,EN,2,2,4,4,3,4,1,1,1,1,1,1,1,2,1,1,,3,3,3,3,4,3,3,4,3,3,3,1,1,3,1,5,1,1,1,2,1,Mostly for brainstorming or to advance written (non-academic!) texts,4,4,3,4,2,4,4,4,,2,1,4,3,3,4,4,4,1,4,3,3,2,1,4,4,2,4,4,2,5,5,5,5,4,4
2024-05-31 06:24:35,2024-05-31 06:31:44,0,100,429,1,2024-05-31 06:31:45,R_82ssXLM81uDNI1H,anonymous,EN,1,4,1,3,3,4,1,1,1,1,1,1,1,1,1,1,,4,3,4,2,1,1,1,2,3,2,1,1,1,1,1,5,1,1,1,4,1,,5,5,3,4,4,5,5,2,,1,1,1,1,1,1,4,2,2,2,3,4,2,1,4,3,3,3,2,1,4,5,4,4,4,4
2024-05-31 06:41:22,2024-05-31 06:46:05,0,100,283,1,2024-05-31 06:46:06,R_2N4cgqJRcvpjbXF,anonymous,EN,1,1,1,3,4,1,1,2,1,1,1,1,1,1,1,1,,2,4,4,1,4,3,3,2,1,3,3,2,1,1,1,5,1,1,1,1,1,,5,3,3,4,5,5,3,1,,1,1,1,1,1,1,1,1,1,3,2,3,3,1,4,5,4,2,3,2,5,4,2,3,2,3
2024-05-31 06:18:28,2024-05-31 06:53:31,0,100,2102,1,2024-05-31 06:53:31,R_2ud9toqkVHzXGYp,anonymous,EN,1,1,4,5,3,1,1,2,1,1,1,1,1,1,1,1,,4,2,1,2,3,1,1,1,1,1,1,2,1,1,1,5,1,1,1,1,1,To get ideas for new sport activities/games for my school class,3,4,1,1,4,4,1,3,Mostly for creative ideas to get started,1,1,1,1,1,1,1,1,1,3,2,3,3,1,4,4,4,5,1,1,4,4,3,4,2,3
2024-05-31 06:44:02,2024-05-31 06:55:03,0,100,660,1,2024-05-31 06:55:03,R_8KMX0zi3iJSa5JV,anonymous,EN,1,2,1,3,3,1,1,1,1,1,1,1,1,1,1,1,CoPilot,3,3,1,2,2,1,2,1,1,1,3,1,1,1,1,5,1,1,1,2,1,Generating porblems/excersizes for practising math,4,4,4,2,4,4,4,1,,1,1,1,1,1,1,1,1,1,4,2,4,2,1,4,3,3,3,4,1,4,4,3,3,3,3
2024-05-31 07:18:35,2024-05-31 07:25:40,0,100,424,1,2024-05-31 07:25:41,R_8t9Z3C1zzMCHEHL,anonymous,EN,1,2,1,3,2,1,1,1,1,1,1,1,1,1,1,1,ChatDOC,4,3,3,1,1,4,1,1,1,1,1,3,1,4,1,5,1,1,1,4,1,personal help: what should i give my brother for his 20th birthday? or ideas on what to eat for lunch,4,5,3,3,5,5,4,2,,1,4,4,2,4,2,4,4,4,4,5,4,3,1,4,3,4,5,2,1,4,5,5,5,2,5
2024-05-31 07:19:54,2024-05-31 07:27:30,0,100,456,1,2024-05-31 07:27:31,R_8lnK1miHbVt8IPX,anonymous,EN,1,1,2,4,3,1,1,1,1,1,1,1,1,1,1,1,,3,4,2,1,3,3,4,2,1,2,1,1,1,1,3,5,3,1,1,3,1,"Generating problems/exercises on a topic I’m studying, generating a structure for application letters",5,4,3,4,4,4,4,2,,1,1,1,1,1,1,2,1,1,2,1,5,2,1,4,4,4,4,4,3,3,4,4,5,3,4
2024-05-31 07:16:26,2024-05-31 07:30:48,0,100,862,1,2024-05-31 07:30:49,R_2luf6NHOyCHUFK9,anonymous,EN,2,3,4,4,1,1,1,1,1,1,1,1,1,1,1,1,"More a „book“type, i don‘t like to use the internet for important stuff. ",1,1,1,1,1,1,1,1,1,1,1,1,1,1,1,5,1,1,1,1,1,,1,1,1,3,3,3,3,3,"Yes, sometimes i think about using ChatGPT but i don‘t trust any of them. Maybe the reason for why i prefer talking to people or read books instead of using a programm. ",3,4,4,3,3,1,2,3,1,3,2,5,5,1,3,4,3,2,3,4,4,4,4,5,4,4
2024-05-31 07:31:51,2024-05-31 07:34:24,0,100,152,1,2024-05-31 07:34:25,R_8IsKBEqcxzmLiPn,anonymous,EN,1,2,1,3,3,3,1,1,1,1,1,1,1,1,1,1,,4,3,4,4,5,4,5,4,5,4,1,1,1,1,3,5,1,1,1,5,2,,5,4,4,5,3,3,3,5,,1,1,1,1,1,1,2,3,2,4,4,4,5,1,5,3,2,3,5,4,2,3,3,4,4,2
2024-05-31 07:22:12,2024-05-31 07:35:33,0,100,801,1,2024-05-31 07:35:34,R_8rqJw9X0d3OP3Tv,anonymous,EN,1,2,1,2,3,4,1,1,1,1,1,1,1,1,1,1,,3,3,1,1,1,1,4,4,1,3,1,1,1,1,1,5,1,1,1,3,1,Inspiration for essays & thinking of a title,1,3,1,4,1,5,3,2,,1,1,4,1,1,1,4,1,2,2,3,4,2,1,4,4,5,5,5,4,5,5,4,4,4,4
2024-05-31 07:30:50,2024-05-31 07:37:27,0,100,397,1,2024-05-31 07:37:28,R_2q51lj3V9xD8BJL,anonymous,EN,2,2,1,7,2,1,1,1,1,1,1,1,1,1,1,1,,3,2,2,1,3,2,1,3,1,1,1,1,1,2,1,5,1,1,2,3,1,,4,4,3,2,3,4,3,4,,2,2,2,1,2,1,2,1,1,3,2,3,2,1,3,4,4,4,3,2,3,3,4,4,4,4
2024-05-31 07:42:26,2024-05-31 07:47:00,0,100,274,1,2024-05-31 07:47:00,R_8Q0lPFAHapCjcvU,anonymous,EN,1,2,1,3,4,2,1,1,1,1,1,1,1,1,1,1,,4,4,4,1,5,5,3,3,3,2,2,2,2,1,1,5,1,1,3,4,5,,5,5,5,4,2,5,3,3,,4,1,3,4,3,1,1,1,1,2,2,3,3,1,5,4,5,5,5,1,5,5,5,5,5,5
2024-05-31 07:47:19,2024-05-31 07:53:13,0,100,354,1,2024-05-31 07:53:13,R_8CUmzEwKTXAGztQ,anonymous,EN,1,2,1,2,2,1,1,1,1,1,1,1,1,1,1,1,,3,3,2,1,1,1,1,1,1,1,3,1,1,1,1,5,1,1,1,1,1,,5,2,4,2,1,4,5,1,,1,1,1,4,1,1,2,2,2,4,4,5,5,1,4,4,5,5,1,2,3,4,5,3,4,4
2024-05-31 08:16:20,2024-05-31 08:22:14,0,100,354,1,2024-05-31 08:22:15,R_8IAiRAHz6AX9VTh,anonymous,EN,1,2,1,2,3,1,1,1,1,1,1,1,1,2,1,1,,3,3,2,1,4,3,2,4,4,1,1,3,1,2,1,5,1,1,1,3,1,asking for synonymes,4,3,3,4,3,2,5,3,,4,2,1,1,3,1,4,2,1,1,1,3,2,1,5,4,4,4,4,3,4,5,3,3,2,4
2024-05-31 08:27:07,2024-05-31 08:32:17,0,100,309,1,2024-05-31 08:32:18,R_2PumQoFke8WWYjY,anonymous,EN,1,2,1,3,1,1,1,1,1,1,1,1,1,1,1,1,,1,1,1,1,1,1,1,1,1,1,1,1,1,1,1,5,1,1,1,1,1,,3,3,3,3,3,3,3,3,,1,1,3,1,1,1,3,2,1,2,2,4,2,1,4,4,3,4,2,3,4,4,4,4,3,3
2024-05-31 08:07:23,2024-05-31 08:51:03,0,100,2620,1,2024-05-31 08:51:04,R_84CtkMV1xrohd6e,anonymous,EN,2,2,4,2,1,1,1,1,1,1,1,1,1,1,1,1,None.,2,1,1,1,1,1,1,1,1,1,1,1,1,1,1,5,1,1,1,1,1,My boyfriend uses it to clarify relationship communication mishaps,4,4,4,3,4,5,4,5,See what all the fuzz is about,1,1,1,1,1,1,1,1,1,1,2,5,5,1,5,5,5,5,5,4,3,4,4,4,3,3
2024-05-31 09:18:07,2024-05-31 09:21:56,0,100,229,1,2024-05-31 09:21:56,R_8tFlxFEDVgHwfSk,anonymous,EN,1,3,1,4,4,1,1,1,1,1,1,1,1,1,1,1,,3,3,3,1,2,3,2,3,4,5,1,1,1,1,2,5,1,1,1,4,1,,4,4,5,4,4,2,5,1,,1,1,1,1,1,1,4,1,1,4,4,5,5,1,2,2,5,5,4,1,4,4,5,5,3,5
2024-05-31 09:51:34,2024-05-31 09:57:41,0,100,366,1,2024-05-31 09:57:41,R_27IGRMfSGjtlFPY,anonymous,EN,1,1,2,1,3,2,1,1,1,1,1,1,1,1,1,1,,4,4,3,1,4,4,2,1,1,1,3,1,1,1,2,5,4,1,1,2,1,,5,4,1,4,5,5,5,2,,1,1,1,2,1,1,2,1,2,1,1,3,2,1,3,4,4,3,3,2,5,5,5,4,3,5
2024-05-31 10:30:12,2024-05-31 10:38:38,0,100,505,1,2024-05-31 10:38:38,R_8qUkb0KTQJHfbNK,anonymous,EN,1,2,1,3,2,1,1,1,1,1,1,1,1,1,1,1,,2,1,1,1,1,2,1,1,1,1,3,1,1,1,1,5,1,1,1,1,1,,5,3,3,4,4,4,4,2,,1,4,1,1,2,1,1,1,1,4,3,4,2,1,4,4,2,2,3,2,5,5,2,4,3,4
2024-05-31 11:03:58,2024-05-31 11:11:14,0,100,435,1,2024-05-31 11:11:14,R_20IyX0aIXtlgx8C,anonymous,EN,1,3,1,3,3,1,1,1,1,1,1,1,1,2,1,1,,2,4,4,3,3,4,1,1,4,2,2,1,1,1,1,5,1,1,1,1,1,,5,5,5,5,5,5,5,5,,1,1,4,1,2,1,4,4,4,5,2,1,1,1,5,5,4,2,2,4,4,5,5,5,3,5
2024-05-31 11:30:38,2024-05-31 11:35:52,0,100,314,1,2024-05-31 11:35:52,R_2HSEnlfSGB0hojL,anonymous,EN,1,1,1,6,3,3,1,1,1,1,1,1,1,1,1,1,,3,2,2,1,2,3,3,3,1,3,3,1,1,1,3,5,3,1,1,2,1,,5,4,3,3,4,5,4,3,,1,1,1,1,1,2,4,3,3,2,2,4,3,1,4,3,5,5,4,3,3,3,4,4,3,3
2024-05-31 12:08:00,2024-05-31 12:12:01,0,100,240,1,2024-05-31 12:12:01,R_2Xp45nZQplVaTse,anonymous,EN,1,2,2,6,1,1,1,1,1,1,1,1,1,1,1,1,,1,1,1,1,1,1,1,1,1,1,1,1,1,1,1,5,1,1,1,1,1,,3,1,4,3,1,4,1,1,,1,1,1,4,1,1,3,2,1,1,1,5,5,1,5,5,5,5,5,1,3,3,4,5,5,5
2024-05-31 12:46:44,2024-05-31 12:53:51,0,100,427,1,2024-05-31 12:53:52,R_2GWkGs2HG7HQteD,anonymous,EN,1,2,1,2,3,1,1,1,1,1,1,1,1,1,1,1,,4,4,3,1,4,4,1,3,1,1,2,1,1,1,1,5,1,1,1,3,1,-,5,2,2,4,4,4,5,1,,4,1,4,2,2,1,2,1,1,1,2,4,4,1,4,4,4,5,4,1,4,4,4,4,2,2
2024-05-31 23:18:20,2024-05-31 23:22:06,0,100,225,1,2024-05-31 23:22:07,R_5E3MqnyOzy8EP8T,anonymous,EN,2,1,1,7,1,1,1,1,5,1,1,1,1,1,1,1,,1,1,1,1,1,1,1,1,1,1,1,1,1,1,1,5,1,1,1,1,1,,5,5,4,5,5,3,4,3,,3,3,3,3,3,3,3,3,3,4,4,4,4,1,4,3,4,4,4,4,5,4,4,4,4,5
2024-06-01 01:09:12,2024-06-01 01:14:10,0,100,297,1,2024-06-01 01:14:10,R_8IAxrQwMyirjfNo,anonymous,EN,1,2,2,5,2,1,1,1,1,1,1,1,1,1,1,1,,1,3,2,1,1,1,2,1,1,1,3,1,1,1,3,5,2,1,1,1,1,,4,4,4,4,3,5,2,4,,1,1,1,1,1,1,1,1,1,2,4,3,4,1,4,4,5,5,1,1,5,5,5,5,2,2
2024-06-01 15:37:36,2024-06-01 15:40:23,0,100,167,1,2024-06-01 15:40:24,R_8buGsB8OGJER5rH,anonymous,EN,2,2,2,7,2,2,1,1,1,2,1,2,1,1,1,2,,2,3,3,4,2,3,3,3,4,4,2,1,1,1,2,5,1,1,1,2,1,,2,3,3,2,3,2,3,3,,1,1,1,1,1,2,1,1,1,2,1,4,4,1,4,4,4,4,4,4,4,4,4,3,4,4
2024-06-01 15:53:27,2024-06-01 15:55:17,0,100,109,1,2024-06-01 15:55:17,R_27fhwPP7sJvCjIU,anonymous,EN,1,2,1,2,5,4,1,1,1,1,1,1,1,1,1,1,,4,4,5,2,4,5,4,3,5,4,1,3,3,2,4,5,3,5,4,2,4,,5,5,4,5,4,4,2,4,,4,4,4,3,3,3,4,5,2,2,5,4,3,1,5,3,2,4,4,2,5,2,2,2,3,1
2024-06-01 16:39:03,2024-06-01 16:42:56,0,100,233,1,2024-06-01 16:42:57,R_272y4vstMv15WH2,anonymous,EN,2,2,1,3,4,1,1,1,1,1,1,1,1,2,1,1,,4,4,4,1,3,4,4,5,4,3,4,3,3,3,3,5,2,1,3,3,2,,5,3,2,4,4,5,5,3,,4,3,2,4,4,3,4,2,4,2,2,2,4,1,3,3,5,5,3,2,4,4,4,4,3,5
2024-06-01 17:15:56,2024-06-01 17:21:43,0,100,346,1,2024-06-01 17:21:44,R_4esSke46Ld1Wrbb,anonymous,EN,1,2,1,7,5,5,1,1,4,1,1,1,1,1,1,3,,5,5,5,5,5,5,5,5,4,5,4,3,2,1,2,5,2,3,4,5,2,,5,5,4,4,1,5,5,1,,1,2,3,1,1,1,1,1,1,5,5,5,4,1,4,4,5,5,1,1,5,5,5,5,5,5
2024-06-01 19:20:52,2024-06-01 19:31:18,0,100,625,1,2024-06-01 19:31:19,R_4fwTGD0PeEubZ3X,anonymous,EN,3,1,2,2,1,2,1,1,1,1,1,2,1,2,2,1,"Maths ",2,2,1,3,1,1,3,1,3,1,2,1,1,1,5,5,2,3,1,1,2,"Calculator ",5,5,5,1,2,3,4,5,"Easy language ",2,2,2,3,3,5,3,2,2,2,4,3,3,1,2,4,4,5,5,5,5,5,5,5,4,4
2024-06-01 19:39:50,2024-06-01 19:48:44,0,100,534,1,2024-06-01 19:48:45,R_4xyqWlCBPybKBHa,anonymous,EN,1,1,1,6,1,3,1,1,1,1,1,1,1,1,1,2,,1,1,1,1,4,1,1,4,4,1,1,1,1,3,1,5,1,1,1,4,1,,4,4,4,4,4,4,4,2,,1,1,1,1,1,1,4,1,1,2,2,3,3,1,3,3,4,4,3,1,3,4,4,4,4,4
2024-06-02 07:10:28,2024-06-02 07:17:00,0,100,392,1,2024-06-02 07:17:01,R_4bH644m8oeQmnxT,anonymous,EN,2,2,2,2,2,1,1,1,1,1,1,1,1,1,1,1,,4,4,2,2,1,1,1,1,1,2,3,1,1,1,1,5,1,1,1,2,1,"Brainstorm interview questions ",4,3,2,2,2,4,4,2,,1,1,1,1,1,1,1,1,1,4,3,4,4,1,4,4,5,5,5,4,4,4,5,5,3,4
2024-06-02 08:00:54,2024-06-02 08:08:36,0,100,462,1,2024-06-02 08:08:37,R_231LtjqSrpNJ1TK,anonymous,EN,1,2,1,4,3,3,1,1,1,1,1,1,1,1,1,3,,4,4,4,3,3,3,2,3,2,1,2,1,1,1,2,5,1,1,1,3,1,,5,4,4,4,5,5,4,2,,1,1,1,1,1,2,2,1,1,4,3,5,4,1,5,4,5,5,4,4,3,4,4,4,4,4
2024-06-02 10:09:44,2024-06-02 10:17:23,0,100,459,1,2024-06-02 10:17:24,R_8f1dzHaEmIuS70R,anonymous,EN,1,2,1,4,3,1,1,1,1,1,1,1,1,2,1,1,,4,3,1,1,2,2,3,1,1,2,3,1,1,1,2,5,2,2,1,4,1,,4,4,4,5,1,3,4,5,,2,2,4,3,4,1,3,1,1,3,1,3,2,1,2,4,4,4,1,1,2,4,4,4,2,4
2024-06-02 15:04:03,2024-06-02 15:07:18,0,100,194,1,2024-06-02 15:07:18,R_8QK8gjBQ5wyKanq,anonymous,EN,2,2,1,4,5,3,1,2,1,1,1,1,1,1,1,2,,4,3,3,3,5,5,5,5,5,5,1,1,1,1,3,5,1,1,1,1,1,,4,4,4,4,4,3,5,2,,1,1,1,1,1,1,2,2,2,2,2,4,4,1,4,5,4,4,3,3,3,4,4,4,4,4
2024-06-02 15:04:24,2024-06-02 15:13:19,0,100,534,1,2024-06-02 15:13:20,R_247E4j2G7BROkKJ,anonymous,EN,2,2,1,3,4,4,1,1,1,3,1,2,1,3,1,4,,5,4,5,5,5,5,5,5,2,3,3,3,3,4,3,5,3,1,3,3,2,,5,4,3,4,5,2,5,3,,4,4,5,2,2,1,2,2,1,4,5,5,4,1,4,3,5,2,1,1,5,5,5,5,3,5
2024-06-02 15:27:37,2024-06-02 15:29:55,0,100,137,1,2024-06-02 15:29:55,R_2LXrmtLiMoifRGs,anonymous,EN,2,2,2,7,1,1,1,1,1,1,1,1,1,1,1,1,,1,1,1,1,1,1,1,1,1,1,1,1,1,1,1,5,1,1,1,1,1,,4,4,4,2,2,4,2,2,,1,1,1,1,1,1,1,1,1,2,2,4,4,1,4,4,5,4,5,5,4,4,4,4,4,4
2024-06-02 16:39:09,2024-06-02 16:43:39,0,100,269,1,2024-06-02 16:43:39,R_2Jsfq3Qe4gO60iR,anonymous,EN,2,2,1,3,4,4,2,2,1,1,1,1,1,1,1,4,,5,5,5,1,5,5,5,5,5,5,1,1,1,1,4,5,1,1,1,1,1,,4,4,4,4,4,4,4,4,,1,2,1,1,3,1,4,1,1,2,2,5,5,1,3,4,4,3,3,1,4,3,4,1,4,4
2024-06-02 17:06:31,2024-06-02 17:12:58,0,100,387,1,2024-06-02 17:12:59,R_4GVXKzPsoK0iTF8,anonymous,EN,1,1,1,4,1,1,1,1,1,1,1,1,2,1,1,1,,1,1,1,1,1,1,1,1,1,1,1,1,1,1,1,5,1,1,1,1,1,,4,4,4,2,1,5,2,4,,4,4,2,2,3,2,4,1,1,2,1,2,2,1,4,4,4,5,2,2,4,5,5,5,2,2
2024-06-03 01:26:16,2024-06-03 01:33:03,0,100,406,1,2024-06-03 01:33:04,R_8rwQNN4UAdOK7uq,anonymous,EN,1,1,3,3,2,3,2,2,2,1,2,1,1,2,2,2,,4,2,2,3,4,4,3,1,2,1,3,3,2,2,3,5,2,1,1,1,1,,3,4,5,3,2,4,2,4,,4,1,4,1,4,1,1,2,2,3,2,3,1,1,4,2,2,4,2,3,2,3,4,3,2,4
2024-06-03 02:44:05,2024-06-03 02:46:00,0,100,114,1,2024-06-03 02:46:00,R_8e375ZzlHhCjs3B,anonymous,EN,2,1,1,4,4,5,3,1,2,1,3,3,2,4,3,2,,5,2,5,5,2,3,4,3,3,4,1,2,4,4,1,5,3,4,3,2,4,,4,3,5,2,4,4,4,2,,1,1,1,1,4,3,5,5,3,2,4,2,5,1,3,4,5,4,2,4,4,3,4,3,4,3
2024-06-03 02:59:52,2024-06-03 03:03:54,0,100,241,1,2024-06-03 03:03:55,R_2qjKVgG4PVX8Nao,anonymous,EN,1,2,1,1,2,2,1,1,1,1,1,1,1,1,1,1,,3,3,4,4,3,2,2,3,1,1,1,1,1,1,1,5,1,1,1,1,1,Occasionally to cut down the length of essays that have gone over my word count allowance,4,3,3,2,3,4,4,4,,1,1,1,1,1,1,2,1,1,2,2,4,4,1,5,4,5,5,4,4,1,4,4,4,4,4
2024-06-03 03:04:37,2024-06-03 03:13:27,0,100,529,1,2024-06-03 03:13:28,R_81t4lfZVOhaHK1y,anonymous,EN,1,2,1,3,1,1,1,1,1,1,1,1,1,1,1,1,,2,3,2,1,3,2,1,1,1,1,1,1,1,1,1,5,1,1,1,1,1,,3,5,4,2,4,3,4,2,,1,1,1,1,1,2,1,1,2,4,4,3,2,1,4,4,4,4,2,1,5,4,5,2,5,5
2024-06-03 03:11:42,2024-06-03 03:16:54,0,100,312,1,2024-06-03 03:16:55,R_8ZNyXHyM6VgYJEh,anonymous,EN,1,2,1,4,4,3,1,1,1,1,1,1,1,2,1,3,,5,5,5,3,4,2,4,4,5,2,3,3,2,4,3,5,2,1,2,4,1,,4,5,5,4,4,4,5,2,,1,1,1,1,1,1,4,1,2,2,2,5,4,1,4,4,5,5,1,1,5,4,2,4,2,2
2024-06-03 03:15:13,2024-06-03 03:24:53,0,100,580,1,2024-06-03 03:24:53,R_87NW31l0iL7g8EW,anonymous,EN,1,2,1,4,3,1,1,1,1,1,1,1,1,1,1,1,,3,3,3,1,3,3,3,3,2,3,1,1,1,1,1,5,1,1,1,1,1,For reformulation of complex sentences,5,2,2,3,1,4,4,3,,1,1,1,1,1,2,4,2,1,2,2,5,3,1,4,4,3,3,2,1,3,4,5,4,2,2
2024-06-03 03:33:45,2024-06-03 03:45:28,0,100,703,1,2024-06-03 03:45:29,R_2ydxaH973Vol3zk,anonymous,EN,1,2,1,6,1,1,1,1,1,1,1,1,1,1,1,1,,1,1,1,1,1,1,1,1,1,1,1,1,1,1,1,5,1,1,1,1,1,,1,1,1,1,4,1,4,1,,1,1,1,1,1,1,1,1,1,1,1,5,5,1,4,4,4,5,3,2,3,5,5,4,3,4
2024-06-03 03:53:51,2024-06-03 04:01:48,0,100,477,1,2024-06-03 04:01:49,R_8bUcjiHhFSjOKkE,anonymous,EN,1,1,1,3,2,1,1,1,1,1,1,1,1,1,1,1,,2,1,1,1,2,1,1,2,1,1,1,1,1,1,1,5,1,1,1,1,1,None,5,2,2,2,2,4,4,3,,1,1,1,1,1,1,1,1,1,1,1,4,3,1,5,4,4,4,3,1,3,4,4,4,2,4
2024-06-03 05:23:43,2024-06-03 05:33:44,0,100,600,1,2024-06-03 05:33:44,R_8I3FUuSR2xyY58A,anonymous,EN,1,2,1,3,4,4,1,1,1,1,1,1,1,1,1,1,,5,4,4,3,3,3,3,4,2,1,2,1,1,1,2,5,2,1,1,2,1,,5,5,4,5,4,3,4,4,,4,1,4,1,1,1,1,1,2,4,3,4,2,1,4,4,5,4,1,1,5,5,5,5,4,4
2024-06-03 09:45:03,2024-06-03 09:48:25,0,100,201,1,2024-06-03 09:48:25,R_2KSWhKJjXaBQRyc,anonymous,EN,2,2,1,7,5,1,1,1,1,1,1,1,1,1,1,1,,4,5,5,3,5,4,3,3,2,2,4,2,2,2,3,5,4,2,4,4,4,,5,5,5,4,5,5,5,4,,3,2,1,1,1,1,2,2,1,2,2,4,4,1,4,4,2,2,1,1,4,4,5,5,2,2
2024-06-03 11:38:33,2024-06-03 11:46:13,0,100,460,1,2024-06-03 11:46:14,R_2mR6gLveaOCT1wE,anonymous,EN,2,1,2,6,4,2,1,1,1,1,1,2,1,3,1,1,,4,4,4,2,3,3,2,1,3,2,1,1,2,3,2,5,4,1,1,4,1,,4,4,4,4,3,4,3,4,,4,4,2,3,3,2,4,4,4,2,2,3,2,1,4,3,4,3,4,4,2,2,2,2,4,3
2024-06-03 11:48:07,2024-06-03 11:52:07,0,100,239,1,2024-06-03 11:52:07,R_8ysJEBXKn8AbILi,anonymous,EN,2,2,2,5,3,2,1,1,1,1,1,1,1,2,1,1,,3,2,2,3,1,1,1,1,2,1,1,1,1,1,1,5,2,1,1,1,1,,2,1,1,4,3,2,2,3,,1,1,1,1,1,1,1,1,1,2,2,4,4,1,4,3,5,4,4,4,3,4,4,5,5,5
2024-06-03 11:53:18,2024-06-03 11:56:12,0,100,174,1,2024-06-03 11:56:13,R_2L7l3itn2EMnUmm,anonymous,EN,1,1,1,3,4,2,1,1,1,1,1,1,1,1,1,1,,2,4,3,4,4,4,2,2,5,2,3,2,2,3,3,5,4,1,1,3,1,,4,4,3,4,2,5,4,4,,4,3,3,3,3,1,1,3,2,2,3,2,3,1,3,4,2,3,3,2,3,3,2,2,3,4
